variable,paso,wape_modelo,wape_ingenuo
activeenergyimport_incremento,1,10.936,28.056
activeenergyimport_incremento,2,12.29,26.813
activeenergyimport_incremento,3,12.093,26.972
activeenergyimport_incremento,4,13.533,26.753
activeenergyimport_incremento,5,12.887,25.415
activeenergyimport_incremento,6,14.533,26.757
activeenergyimport_incremento,7,15.519,27.85
activeenergyimport_incremento,8,14.207,25.943
activeenergyimport_incremento,9,15.572,27.042
activeenergyimport_incremento,10,15.954,26.227
activeenergyimport_incremento,11,15.099,26.236
activeenergyimport_incremento,12,15.137,25.971
activeenergyimport_incremento,13,15.76,26.577
activeenergyimport_incremento,14,14.65,23.5
activeenergyimport_incremento,15,15.755,24.659
activeenergyimport_incremento,16,16.219,25.317
activeenergyimport_incremento,17,15.882,24.549
activeenergyimport_incremento,18,16.357,24.738
activeenergyimport_incremento,19,17.304,24.875
activeenergyimport_incremento,20,17.551,24.659
activeenergyimport_incremento,21,17.422,25.024
activeenergyimport_incremento,22,17.192,25.479
activeenergyimport_incremento,23,16.795,26.553
activeenergyimport_incremento,24,16.631,26.388
activeenergyimport_incremento,25,17.537,26.728
activeenergyimport_incremento,26,17.594,26.03
activeenergyimport_incremento,27,17.864,26.232
activeenergyimport_incremento,28,18.37,25.853
activeenergyimport_incremento,29,18.484,24.532
activeenergyimport_incremento,30,19.87,25.785
activeenergyimport_incremento,31,20.568,25.389
activeenergyimport_incremento,32,21.431,25.406
activeenergyimport_incremento,33,21.65,25.195
activeenergyimport_incremento,34,23.203,26.63
activeenergyimport_incremento,35,22.741,24.759
activeenergyimport_incremento,36,23.488,24.346
activeenergyimport_incremento,37,25.702,30.922
activeenergyimport_incremento,38,25.868,28.421
activeenergyimport_incremento,39,24.465,25.803
activeenergyimport_incremento,40,25.083,25.726
activeenergyimport_incremento,41,24.521,27.843
activeenergyimport_incremento,42,26.003,28.466
activeenergyimport_incremento,43,26.962,29.548
activeenergyimport_incremento,44,30.313,37.48
activeenergyimport_incremento,45,28.732,35.942
activeenergyimport_incremento,46,29.654,36.415
activeenergyimport_incremento,47,29.949,36.742
activeenergyimport_incremento,48,29.43,35.575
activeenergyimport_incremento,49,29.746,36.889
activeenergyimport_incremento,50,28.548,35.887
activeenergyimport_incremento,51,29.313,36.211
activeenergyimport_incremento,52,28.718,36.35
activeenergyimport_incremento,53,27.925,35.714
activeenergyimport_incremento,54,27.057,32.638
activeenergyimport_incremento,55,26.495,32.449
activeenergyimport_incremento,56,25.538,31.075
activeenergyimport_incremento,57,25.289,31.153
activeenergyimport_incremento,58,25.408,32.243
activeenergyimport_incremento,59,25.028,29.313
activeenergyimport_incremento,60,25.374,29.277
activeenergyimport_incremento,61,24.747,29.007
activeenergyimport_incremento,62,24.621,29.507
activeenergyimport_incremento,63,23.916,28.431
activeenergyimport_incremento,64,24.47,30.464
activeenergyimport_incremento,65,24.55,29.185
activeenergyimport_incremento,66,26.685,33.371
activeenergyimport_incremento,67,26.946,34.818
activeenergyimport_incremento,68,26.709,34.001
activeenergyimport_incremento,69,26.829,32.946
activeenergyimport_incremento,70,27.018,33.784
activeenergyimport_incremento,71,28.106,33.175
activeenergyimport_incremento,72,26.894,31.29
activeenergyimport_incremento,73,26.043,33.414
activeenergyimport_incremento,74,26.02,32.379
activeenergyimport_incremento,75,26.709,32.138
activeenergyimport_incremento,76,25.931,31.917
activeenergyimport_incremento,77,26.271,33.153
activeenergyimport_incremento,78,26.016,32.163
activeenergyimport_incremento,79,26.341,32.49
activeenergyimport_incremento,80,26.361,33.076
activeenergyimport_incremento,81,25.841,30.129
activeenergyimport_incremento,82,25.949,30.125
activeenergyimport_incremento,83,27.052,30.98
activeenergyimport_incremento,84,27.311,30.773
activeenergyimport_incremento,85,27.839,33.28
activeenergyimport_incremento,86,29.401,33.343
activeenergyimport_incremento,87,29.497,33.51
activeenergyimport_incremento,88,29.915,33.99
activeenergyimport_incremento,89,29.141,32.288
activeenergyimport_incremento,90,28.535,30.241
activeenergyimport_incremento,91,28.232,31.274
activeenergyimport_incremento,92,28.183,30.565
activeenergyimport_incremento,93,29.045,28.948
activeenergyimport_incremento,94,28.691,30.868
activeenergyimport_incremento,95,28.309,32.013
activeenergyimport_incremento,96,28.023,30.91
activeenergyimport_incremento,97,29.177,36.043
activeenergyimport_incremento,98,28.641,34.415
activeenergyimport_incremento,99,28.955,31.077
activeenergyimport_incremento,100,28.761,30.888
activeenergyimport_incremento,101,28.786,31.524
activeenergyimport_incremento,102,28.545,31.236
activeenergyimport_incremento,103,28.188,30.11
activeenergyimport_incremento,104,28.011,30.407
activeenergyimport_incremento,105,28.551,29.784
activeenergyimport_incremento,106,28.826,30.995
activeenergyimport_incremento,107,29.845,30.876
activeenergyimport_incremento,108,29.639,30.886
activeenergyimport_incremento,109,27.83,29.966
activeenergyimport_incremento,110,25.855,28.809
activeenergyimport_incremento,111,24.468,26.985
activeenergyimport_incremento,112,23.401,25.256
activeenergyimport_incremento,113,23.61,26.383
activeenergyimport_incremento,114,23.798,27.535
activeenergyimport_incremento,115,25.59,26.792
activeenergyimport_incremento,116,25.397,27.993
activeenergyimport_incremento,117,25.24,27.255
activeenergyimport_incremento,118,24.755,27.643
activeenergyimport_incremento,119,24.749,27.033
activeenergyimport_incremento,120,23.798,30.443
activeenergyimport_incremento,121,25.673,29.016
activeenergyimport_incremento,122,24.572,28.305
activeenergyimport_incremento,123,23.234,26.258
activeenergyimport_incremento,124,24.434,27.441
activeenergyimport_incremento,125,24.471,27.516
activeenergyimport_incremento,126,24.499,28.595
activeenergyimport_incremento,127,23.899,29.498
activeenergyimport_incremento,128,23.679,28.844
activeenergyimport_incremento,129,23.886,29.589
activeenergyimport_incremento,130,24.367,30.816
activeenergyimport_incremento,131,23.368,29.05
activeenergyimport_incremento,132,23.933,28.476
activeenergyimport_incremento,133,24.424,29.666
activeenergyimport_incremento,134,22.574,29.169
activeenergyimport_incremento,135,21.991,29.384
activeenergyimport_incremento,136,21.898,30.775
activeenergyimport_incremento,137,21.738,31.004
activeenergyimport_incremento,138,22.265,31.993
activeenergyimport_incremento,139,22.167,32.923
activeenergyimport_incremento,140,21.068,32.652
activeenergyimport_incremento,141,20.813,32.478
activeenergyimport_incremento,142,21.446,33.285
activeenergyimport_incremento,143,21.042,32.96
activeenergyimport_incremento,144,20.862,34.711
activepower,1,10.358,27.488
activepower,2,11.962,26.934
activepower,3,11.354,26.501
activepower,4,12.889,25.934
activepower,5,12.679,25.557
activepower,6,13.621,26.342
activepower,7,13.965,26.381
activepower,8,13.995,26.07
activepower,9,14.493,25.56
activepower,10,14.604,24.719
activepower,11,14.733,26.398
activepower,12,14.456,25.464
activepower,13,15.814,27.085
activepower,14,14.792,24.217
activepower,15,15.841,24.998
activepower,16,16.188,25.669
activepower,17,16.557,25.341
activepower,18,16.652,25.206
activepower,19,17.336,26.005
activepower,20,17.672,24.934
activepower,21,17.734,25.768
activepower,22,17.347,25.881
activepower,23,17.417,26.285
activepower,24,17.131,26.707
activepower,25,17.477,26.768
activepower,26,18.057,26.262
activepower,27,17.909,25.519
activepower,28,19.12,26.667
activepower,29,19.434,25.499
activepower,30,21.137,26.085
activepower,31,21.201,25.619
activepower,32,22.788,26.405
activepower,33,22.432,25.947
activepower,34,23.332,26.565
activepower,35,23.335,25.97
activepower,36,23.887,24.529
activepower,37,24.41,25.503
activepower,38,25.082,25.493
activepower,39,24.726,25.214
activepower,40,25.245,26.253
activepower,41,25.401,28.604
activepower,42,26.992,29.324
activepower,43,26.737,29.056
activepower,44,27.223,29.548
activepower,45,27.009,29.568
activepower,46,27.332,30.08
activepower,47,27.579,30.083
activepower,48,27.686,30.098
activepower,49,27.172,30.894
activepower,50,27.288,32.441
activepower,51,27.591,31.653
activepower,52,26.487,31.824
activepower,53,26.652,31.258
activepower,54,25.868,31.201
activepower,55,25.166,30.597
activepower,56,24.713,30.086
activepower,57,24.762,29.802
activepower,58,24.714,30.466
activepower,59,25.177,28.721
activepower,60,24.976,29.591
activepower,61,24.164,29.088
activepower,62,24.34,29.353
activepower,63,24.093,29.397
activepower,64,24.444,29.636
activepower,65,24.571,29.543
activepower,66,24.474,29.719
activepower,67,24.002,28.61
activepower,68,24.377,29.286
activepower,69,24.034,28.822
activepower,70,24.128,28.157
activepower,71,25.814,28.612
activepower,72,24.613,27.777
activepower,73,23.957,28.63
activepower,74,24.623,28.548
activepower,75,24.429,27.656
activepower,76,23.35,26.754
activepower,77,24.662,29.384
activepower,78,24.476,28.802
activepower,79,24.391,28.881
activepower,80,24.246,29.256
activepower,81,24.602,28.28
activepower,82,25.012,28.422
activepower,83,25.8,28.679
activepower,84,26.156,29.42
activepower,85,26.634,30.068
activepower,86,27.925,30.564
activepower,87,28.807,33.185
activepower,88,28.963,31.64
activepower,89,27.903,29.665
activepower,90,27.742,29.448
activepower,91,28.132,30.387
activepower,92,27.56,29.461
activepower,93,28.299,28.798
activepower,94,28.331,30.32
activepower,95,27.688,29.058
activepower,96,27.846,29.551
activepower,97,27.575,28.726
activepower,98,28.951,31.136
activepower,99,29.097,29.673
activepower,100,28.749,29.171
activepower,101,28.692,28.661
activepower,102,28.357,29.081
activepower,103,28.367,28.734
activepower,104,28.345,28.888
activepower,105,28.698,28.716
activepower,106,29.124,30.979
activepower,107,30.051,31.257
activepower,108,29.801,30.965
activepower,109,27.703,29.401
activepower,110,25.854,28.641
activepower,111,25.018,28.049
activepower,112,24.119,27.461
activepower,113,24.872,28.345
activepower,114,24.574,27.83
activepower,115,25.684,27.49
activepower,116,25.604,29.083
activepower,117,25.355,28.685
activepower,118,24.795,29.373
activepower,119,24.729,28.824
activepower,120,24.055,29.376
activepower,121,25.479,29.726
activepower,122,23.718,29.233
activepower,123,23.884,28.959
activepower,124,24.725,29.415
activepower,125,24.645,29.824
activepower,126,24.42,32.221
activepower,127,24.042,32.317
activepower,128,23.889,31.778
activepower,129,24.159,32.981
activepower,130,24.262,32.781
activepower,131,23.109,31.824
activepower,132,24.091,31.407
activepower,133,25.268,32.987
activepower,134,22.735,32.081
activepower,135,22.309,32.785
activepower,136,21.956,34.005
activepower,137,22.291,34.902
activepower,138,22.093,35.095
activepower,139,21.857,36.064
activepower,140,21.951,36.647
activepower,141,21.276,36.957
activepower,142,21.197,36.965
activepower,143,21.047,36.47
activepower,144,19.987,37.117
totalpowerfactor,1,2.014,8.055
totalpowerfactor,2,2.291,7.728
totalpowerfactor,3,2.079,7.3
totalpowerfactor,4,2.6,6.657
totalpowerfactor,5,2.363,6.802
totalpowerfactor,6,2.562,7.332
totalpowerfactor,7,2.319,7.474
totalpowerfactor,8,2.365,7.385
totalpowerfactor,9,2.488,7.204
totalpowerfactor,10,2.462,7.775
totalpowerfactor,11,2.724,7.107
totalpowerfactor,12,3.233,8.146
totalpowerfactor,13,2.823,7.225
totalpowerfactor,14,2.643,7.385
totalpowerfactor,15,2.753,7.863
totalpowerfactor,16,2.667,7.322
totalpowerfactor,17,2.705,7.139
totalpowerfactor,18,3.148,7.877
totalpowerfactor,19,3.394,8.065
totalpowerfactor,20,2.753,7.246
totalpowerfactor,21,2.943,7.385
totalpowerfactor,22,2.836,7.35
totalpowerfactor,23,3.439,7.892
totalpowerfactor,24,3.21,8.45
totalpowerfactor,25,3.144,7.679
totalpowerfactor,26,3.364,7.711
totalpowerfactor,27,2.938,7.065
totalpowerfactor,28,3.71,7.744
totalpowerfactor,29,3.82,7.798
totalpowerfactor,30,3.369,7.381
totalpowerfactor,31,3.52,7.276
totalpowerfactor,32,3.351,7.283
totalpowerfactor,33,3.919,7.318
totalpowerfactor,34,3.346,7.011
totalpowerfactor,35,3.648,7.286
totalpowerfactor,36,3.855,7.117
totalpowerfactor,37,3.665,6.704
totalpowerfactor,38,4.491,6.967
totalpowerfactor,39,4.663,7.476
totalpowerfactor,40,4.248,6.969
totalpowerfactor,41,3.936,6.976
totalpowerfactor,42,4.315,7.342
totalpowerfactor,43,5.009,7.715
totalpowerfactor,44,5.81,7.293
totalpowerfactor,45,6.175,7.061
totalpowerfactor,46,5.262,6.471
totalpowerfactor,47,5.118,6.069
totalpowerfactor,48,5.413,6.642
totalpowerfactor,49,5.247,7.181
totalpowerfactor,50,5.012,6.091
totalpowerfactor,51,4.577,5.744
totalpowerfactor,52,5.082,5.76
totalpowerfactor,53,4.226,5.918
totalpowerfactor,54,4.512,5.881
totalpowerfactor,55,4.355,5.853
totalpowerfactor,56,4.383,6.626
totalpowerfactor,57,4.589,6.393
totalpowerfactor,58,4.518,6.754
totalpowerfactor,59,4.265,6.145
totalpowerfactor,60,4.063,6.376
totalpowerfactor,61,3.61,6.708
totalpowerfactor,62,3.834,6.294
totalpowerfactor,63,4.106,6.48
totalpowerfactor,64,3.812,6.599
totalpowerfactor,65,3.757,6.584
totalpowerfactor,66,3.801,6.311
totalpowerfactor,67,3.678,6.3
totalpowerfactor,68,3.54,6.432
totalpowerfactor,69,3.98,6.629
totalpowerfactor,70,3.914,5.94
totalpowerfactor,71,4.064,5.945
totalpowerfactor,72,3.69,5.777
totalpowerfactor,73,3.709,5.349
totalpowerfactor,74,3.978,6.58
totalpowerfactor,75,3.79,5.994
totalpowerfactor,76,3.115,5.362
totalpowerfactor,77,3.503,5.518
totalpowerfactor,78,3.461,5.497
totalpowerfactor,79,3.43,5.402
totalpowerfactor,80,3.716,5.271
totalpowerfactor,81,3.772,5.519
totalpowerfactor,82,4.3,6.592
totalpowerfactor,83,4.378,6.81
totalpowerfactor,84,4.192,6.003
totalpowerfactor,85,3.748,6.553
totalpowerfactor,86,4.022,5.562
totalpowerfactor,87,3.65,5.528
totalpowerfactor,88,3.881,6.794
totalpowerfactor,89,4.045,6.474
totalpowerfactor,90,4.294,6.338
totalpowerfactor,91,3.984,6.459
totalpowerfactor,92,3.899,6.379
totalpowerfactor,93,3.829,6.206
totalpowerfactor,94,3.712,6.294
totalpowerfactor,95,4.127,6.443
totalpowerfactor,96,3.96,6.17
totalpowerfactor,97,3.408,5.904
totalpowerfactor,98,3.191,5.558
totalpowerfactor,99,3.141,6.051
totalpowerfactor,100,3.572,6.054
totalpowerfactor,101,4.228,5.708
totalpowerfactor,102,3.896,6.092
totalpowerfactor,103,4.53,6.349
totalpowerfactor,104,4.33,6.336
totalpowerfactor,105,4.466,6.737
totalpowerfactor,106,3.432,6.807
totalpowerfactor,107,3.657,7.168
totalpowerfactor,108,3.944,7.116
totalpowerfactor,109,4.422,6.383
totalpowerfactor,110,4.23,5.487
totalpowerfactor,111,4.249,5.262
totalpowerfactor,112,3.75,5.9
totalpowerfactor,113,3.741,5.691
totalpowerfactor,114,3.607,5.355
totalpowerfactor,115,4.002,5.156
totalpowerfactor,116,4.095,5.904
totalpowerfactor,117,3.307,6.175
totalpowerfactor,118,3.292,5.812
totalpowerfactor,119,3.612,5.762
totalpowerfactor,120,3.688,6.205
totalpowerfactor,121,3.202,6.368
totalpowerfactor,122,3.294,6.139
totalpowerfactor,123,3.705,5.791
totalpowerfactor,124,3.752,6.317
totalpowerfactor,125,4.029,6.535
totalpowerfactor,126,4.02,6.528
totalpowerfactor,127,4.108,6.759
totalpowerfactor,128,4.08,5.87
totalpowerfactor,129,3.75,5.869
totalpowerfactor,130,3.723,6.188
totalpowerfactor,131,3.593,6.374
totalpowerfactor,132,3.815,6.479
totalpowerfactor,133,4.455,7.111
totalpowerfactor,134,4.622,7.089
totalpowerfactor,135,4.194,7.152
totalpowerfactor,136,4.338,7.835
totalpowerfactor,137,4.503,8.075
totalpowerfactor,138,4.037,7.083
totalpowerfactor,139,4.187,6.607
totalpowerfactor,140,3.787,6.93
totalpowerfactor,141,3.746,6.711
totalpowerfactor,142,3.751,7.495
totalpowerfactor,143,3.752,7.544
totalpowerfactor,144,3.609,7.488
voltaje_promedio,1,0.282,0.715
voltaje_promedio,2,0.32,0.606
voltaje_promedio,3,0.343,0.649
voltaje_promedio,4,0.372,0.561
voltaje_promedio,5,0.373,0.549
voltaje_promedio,6,0.411,0.546
voltaje_promedio,7,0.443,0.477
voltaje_promedio,8,0.448,0.442
voltaje_promedio,9,0.416,0.383
voltaje_promedio,10,0.433,0.423
voltaje_promedio,11,0.383,0.395
voltaje_promedio,12,0.351,0.513
voltaje_promedio,13,0.348,0.57
voltaje_promedio,14,0.326,0.507
voltaje_promedio,15,0.334,0.485
voltaje_promedio,16,0.299,0.375
voltaje_promedio,17,0.289,0.371
voltaje_promedio,18,0.306,0.42
voltaje_promedio,19,0.316,0.415
voltaje_promedio,20,0.314,0.439
voltaje_promedio,21,0.331,0.45
voltaje_promedio,22,0.358,0.47
voltaje_promedio,23,0.398,0.505
voltaje_promedio,24,0.391,0.475
voltaje_promedio,25,0.391,0.461
voltaje_promedio,26,0.398,0.46
voltaje_promedio,27,0.418,0.488
voltaje_promedio,28,0.439,0.509
voltaje_promedio,29,0.446,0.524
voltaje_promedio,30,0.449,0.517
voltaje_promedio,31,0.462,0.521
voltaje_promedio,32,0.471,0.512
voltaje_promedio,33,0.517,0.569
voltaje_promedio,34,0.477,0.471
voltaje_promedio,35,0.485,0.443
voltaje_promedio,36,0.472,0.427
voltaje_promedio,37,0.45,0.401
voltaje_promedio,38,0.44,0.443
voltaje_promedio,39,0.421,0.42
voltaje_promedio,40,0.476,0.476
voltaje_promedio,41,0.479,0.502
voltaje_promedio,42,0.464,0.546
voltaje_promedio,43,0.393,0.545
voltaje_promedio,44,0.383,0.429
voltaje_promedio,45,0.424,0.486
voltaje_promedio,46,0.417,0.514
voltaje_promedio,47,0.428,0.533
voltaje_promedio,48,0.414,0.489
voltaje_promedio,49,0.387,0.447
voltaje_promedio,50,0.426,0.49
voltaje_promedio,51,0.471,0.567
voltaje_promedio,52,0.426,0.593
voltaje_promedio,53,0.445,0.618
voltaje_promedio,54,0.471,0.716
voltaje_promedio,55,0.461,0.748
voltaje_promedio,56,0.419,0.658
voltaje_promedio,57,0.403,0.557
voltaje_promedio,58,0.385,0.522
voltaje_promedio,59,0.369,0.531
voltaje_promedio,60,0.395,0.54
voltaje_promedio,61,0.42,0.511
voltaje_promedio,62,0.405,0.474
voltaje_promedio,63,0.453,0.561
voltaje_promedio,64,0.455,0.576
voltaje_promedio,65,0.502,0.68
voltaje_promedio,66,0.499,0.685
voltaje_promedio,67,0.499,0.659
voltaje_promedio,68,0.516,0.679
voltaje_promedio,69,0.454,0.595
voltaje_promedio,70,0.483,0.542
voltaje_promedio,71,0.481,0.584
voltaje_promedio,72,0.458,0.558
voltaje_promedio,73,0.453,0.53
voltaje_promedio,74,0.467,0.545
voltaje_promedio,75,0.447,0.562
voltaje_promedio,76,0.462,0.591
voltaje_promedio,77,0.442,0.598
voltaje_promedio,78,0.43,0.601
voltaje_promedio,79,0.446,0.557
voltaje_promedio,80,0.51,0.574
voltaje_promedio,81,0.547,0.545
voltaje_promedio,82,0.55,0.54
voltaje_promedio,83,0.546,0.556
voltaje_promedio,84,0.542,0.577
voltaje_promedio,85,0.532,0.579
voltaje_promedio,86,0.544,0.596
voltaje_promedio,87,0.564,0.645
voltaje_promedio,88,0.575,0.647
voltaje_promedio,89,0.564,0.598
voltaje_promedio,90,0.582,0.567
voltaje_promedio,91,0.588,0.587
voltaje_promedio,92,0.569,0.585
voltaje_promedio,93,0.593,0.649
voltaje_promedio,94,0.595,0.694
voltaje_promedio,95,0.564,0.656
voltaje_promedio,96,0.553,0.616
voltaje_promedio,97,0.561,0.576
voltaje_promedio,98,0.545,0.551
voltaje_promedio,99,0.533,0.608
voltaje_promedio,100,0.527,0.564
voltaje_promedio,101,0.549,0.585
voltaje_promedio,102,0.499,0.608
voltaje_promedio,103,0.448,0.584
voltaje_promedio,104,0.463,0.536
voltaje_promedio,105,0.451,0.594
voltaje_promedio,106,0.41,0.504
voltaje_promedio,107,0.438,0.514
voltaje_promedio,108,0.464,0.526
voltaje_promedio,109,0.395,0.531
voltaje_promedio,110,0.431,0.657
voltaje_promedio,111,0.42,0.638
voltaje_promedio,112,0.435,0.653
voltaje_promedio,113,0.443,0.65
voltaje_promedio,114,0.43,0.62
voltaje_promedio,115,0.422,0.627
voltaje_promedio,116,0.396,0.653
voltaje_promedio,117,0.388,0.639
voltaje_promedio,118,0.36,0.539
voltaje_promedio,119,0.369,0.571
voltaje_promedio,120,0.359,0.597
voltaje_promedio,121,0.321,0.539
voltaje_promedio,122,0.331,0.461
voltaje_promedio,123,0.344,0.395
voltaje_promedio,124,0.36,0.49
voltaje_promedio,125,0.419,0.551
voltaje_promedio,126,0.355,0.624
voltaje_promedio,127,0.294,0.535
voltaje_promedio,128,0.327,0.523
voltaje_promedio,129,0.314,0.488
voltaje_promedio,130,0.268,0.462
voltaje_promedio,131,0.281,0.469
voltaje_promedio,132,0.328,0.489
voltaje_promedio,133,0.304,0.414
voltaje_promedio,134,0.354,0.439
voltaje_promedio,135,0.372,0.478
voltaje_promedio,136,0.327,0.448
voltaje_promedio,137,0.383,0.55
voltaje_promedio,138,0.352,0.548
voltaje_promedio,139,0.378,0.467
voltaje_promedio,140,0.395,0.48
voltaje_promedio,141,0.367,0.564
voltaje_promedio,142,0.35,0.525
voltaje_promedio,143,0.324,0.493
voltaje_promedio,144,0.387,0.617
