bloque,n,potencia_media_W,variabilidad_cv,corr_nivel,corr_incremento,razon_pot_inc,desacuerdo_%,incrementos_cero_%,cero_con_potencia_%,valores_distintos
B15_BIBL,24905,28466.9478,0.749,-0.0471,0.9896,6.0537,3.7782,0.0,0.0,7188
B18_PARQ,27818,32188.2927,0.4386,0.0334,0.9817,6.025,3.8068,0.0,0.0,8999
B9_SFA1,27818,34722.4465,0.5439,-0.1486,0.987,5.988,3.8679,0.0,0.0,8589
B17_POLI,27789,7022.9857,0.658,0.0827,0.9923,6.0132,3.8813,0.0,0.0,3624
B4_PRIM,27818,20734.656,0.6708,0.0246,0.9892,6.0453,3.9067,0.0,0.0,7025
B3_RECT,27818,4852.2321,0.8302,0.0212,0.9917,6.0371,3.9503,0.0,0.0,1963
B5_BACH,27789,26570.1373,0.7526,-0.0082,0.9885,6.0333,3.9908,0.0,0.0,7974
B10_ARQ,27818,12100.1099,0.719,-0.0176,0.9884,5.9977,4.3511,0.0,0.0,3799
B8_LABS,27818,17356.5746,0.4636,-0.0045,0.9838,5.9934,4.4186,0.0,0.0,6148
B7_CTIC,27818,36685.2745,0.1467,0.1044,0.8574,6.0735,4.5474,0.0539,0.0,5331
B12_DERE,27818,7787.6187,0.7124,0.0544,0.9883,6.021,4.553,0.0,0.0,7511
ECOVILLA,27805,825.6625,1.2294,0.0939,0.9887,6.0916,5.0474,0.0,0.0,1745
B7_TAC,27818,14247.9449,0.7046,-0.1063,0.9834,5.9434,5.8113,0.0,0.0,6411
B9_SFA2,27818,29044.7781,0.789,-0.1384,0.9862,5.9118,7.2474,0.0,0.0,9630
B8_AA,27818,3667.625,1.5803,0.1716,0.9664,5.8214,24.501,0.0036,0.0,2870
B8_CPA,27818,202.4883,1.2399,-0.1908,0.9032,7.413,25.2526,24.1247,1.6536,766
